Review,Label
"Great product! Amazing quality and fast delivery!",0
"This is the best product I've ever purchased!",0
"Terrible experience. I would never recommend it to anyone.",0
"Buy this now! Get a 50% discount for a limited time!",1
"Earn $500 today by clicking this link!",1
"Free iPhone giveaway! Claim yours now!",1
"This company is amazing, and their service is great!",0
"Excellent quality and worth the price!",0
"Click here to get an unbelievable deal on electronics!",1
"Great customer service and super fast delivery.",0
"Don't miss out! Best prices in the market today!",1
"Amazing product. Highly recommend it to everyone!",0
"Discounts up to 70% off! Limited stock available!",1
"I was very satisfied with the product and the seller.",0
"Super helpful team and outstanding product quality.",0
"Claim your free prize by signing up now!",1
"Buy one, get one free! Only for a limited time!",1
"Poor quality and slow customer support.",0
"Win a free trip to Hawaii! Enter your details now.",1
"Absolutely love this product! It’s perfect for daily use.",0
"Terrible product. Would not recommend it to anyone.",0
"Get rich quick! Invest in this opportunity today!",1
"Not satisfied with the product. It broke after one use.",0
"Special offer! Get a free trial now!",1
"Wonderful experience. Fast shipping and great product!",0
"Scam alert! Do not click on any links from this seller.",1
"I am extremely happy with my purchase.",0
"Win free cash just by signing up!",1
"High quality and exactly as described.",0
"Click here to claim your free shopping voucher!",1
"Product was damaged and not as described.",0
"Limited-time offer! Shop now for amazing deals.",1
"The product is working perfectly, and delivery was fast.",0
"100% free! Get your prize today!",1
"Outstanding quality and reliable seller.",0
"Warning: Fraudulent website. Avoid at all costs!",1
"Happy with the purchase. Would buy again.",0
"Sign up for free money-making tips!",1
"Great product, but the shipping was slow.",0
"Avoid this product! It doesn’t match the description.",0
"Act now to receive exclusive rewards!",1
"Happy customer! Excellent service and fast shipping.",0
"Fake reviews! This product is a scam.",1
"The product exceeded my expectations. Very happy!",0
"Click to get a free car! Limited spots available.",1
"Good quality for the price. Very satisfied.",0
"Win free gadgets by entering your email today!",1
"Quick delivery and great customer service.",0
"Scam detected! Do not trust this seller.",1
