Review,Sentiment
This product exceeded my expectations! Highly recommended.,Positive
"It's okay, but I expected better quality for the price.",Neutral
The customer service was amazing and very responsive.,Positive
Terrible experience. I will never buy this again.,Negative
"Delivery was fast, but the product was damaged.",Negative
Good value for money. I am happy with my purchase.,Positive
Mediocre product. Not worth the hype.,Neutral
Amazing features! Exactly what I needed.,Positive
The quality is subpar and disappointing.,Negative
Neutral experience. Nothing special to report.,Neutral
